FrameIndx,FlexE
0,2.60758290525
1,0.859151435237
2,0.670551014726
